Custom_Time_Name,"Custom_Time_Code","Country Name","Country Code","Control of Corruption: Estimate [CC.EST]","Government Effectiveness: Estimate [GE.EST]","Political Stability and Absence of Violence/Terrorism: Estimate [PV.EST]","Regulatory Quality: Estimate [RQ.EST]","Rule of Law: Estimate [RL.EST]","Voice and Accountability: Estimate [VA.EST]"
Most Recent Value,"(Most Recent Value)","Afghanistan","AFG","-1.496648(2018)","-1.457285(2018)","-2.74673(2018)","-1.132634(2018)","-1.668478(2018)","-0.9947197(2018)"
Most Recent Value,"(Most Recent Value)","Albania","ALB","-0.5218667(2018)","0.114788(2018)","0.3821(2018)","0.2817102(2018)","-0.392243(2018)","0.2063695(2018)"
Most Recent Value,"(Most Recent Value)","Algeria","DZA","-0.636465(2018)","-0.4439246(2018)","-0.7937849(2018)","-1.263752(2018)","-0.7753089(2018)","-0.9809838(2018)"
Most Recent Value,"(Most Recent Value)","American Samoa","ASM","1.845534(2018)","0.5514148(2018)","1.205116(2018)","-0.2858895(2018)","1.363964(2018)","1.004767(2013)"
Most Recent Value,"(Most Recent Value)","Andorra","AND","1.238614(2018)","1.944976(2018)","1.425432(2018)","1.187921(2018)","1.607738(2018)","1.069589(2018)"
Most Recent Value,"(Most Recent Value)","Angola","AGO","-1.144541(2018)","-1.052086(2018)","-0.3190349(2018)","-0.999813(2018)","-1.048023(2018)","-0.9195936(2018)"
Most Recent Value,"(Most Recent Value)","Anguilla","AIA","1.238614(2018)","0.8301269(2018)","1.297391(2018)","0.8194681(2018)","-0.0986837(2018)","1.004767(2013)"
Most Recent Value,"(Most Recent Value)","Antigua and Barbuda","ATG","0.2766346(2018)","-0.0060096(2018)","0.7261432(2018)","0.411548(2018)","0.3933258(2018)","0.618535(2018)"
Most Recent Value,"(Most Recent Value)","Argentina","ARG","-0.0834675(2018)","0.0259878(2018)","0.0199319(2018)","-0.2430697(2018)","-0.2400078(2018)","0.5653015(2018)"
Most Recent Value,"(Most Recent Value)","Armenia","ARM","-0.3491127(2018)","-0.0243394(2018)","-0.4187803(2018)","0.2692558(2018)","-0.1500262(2018)","-0.1134583(2018)"
Most Recent Value,"(Most Recent Value)","Aruba","ABW","1.252027(2018)","1.058392(2018)","1.366119(2018)","0.853144(2018)","1.297575(2018)","1.305925(2018)"
Most Recent Value,"(Most Recent Value)","Australia","AUS","1.806201(2018)","1.596495(2018)","0.9765741(2018)","1.929283(2018)","1.715279(2018)","1.428148(2018)"
Most Recent Value,"(Most Recent Value)","Austria","AUT","1.596262(2018)","1.453342(2018)","0.9175232(2018)","1.544717(2018)","1.875834(2018)","1.380672(2018)"
Most Recent Value,"(Most Recent Value)","Azerbaijan","AZE","-0.8286031(2018)","-0.1004674(2018)","-0.6967331(2018)","-0.3807242(2018)","-0.6002176(2018)","-1.497994(2018)"
Most Recent Value,"(Most Recent Value)","Bahamas, The","BHS","1.131102(2018)","0.5391499(2018)","0.8721167(2018)","0.1511079(2018)","0.0969947(2018)","0.7956346(2018)"
Most Recent Value,"(Most Recent Value)","Bahrain","BHR","-0.1472867(2018)","0.1798774(2018)","-0.8404424(2018)","0.4460675(2018)","0.4127088(2018)","-1.405907(2018)"
Most Recent Value,"(Most Recent Value)","Bangladesh","BGD","-0.9050215(2018)","-0.7483993(2018)","-1.03248(2018)","-0.8262727(2018)","-0.6402364(2018)","-0.7284137(2018)"
Most Recent Value,"(Most Recent Value)","Barbados","BRB","1.411373(2018)","0.4269727(2018)","0.9214329(2018)","0.5401858(2018)","0.3949094(2018)","1.12459(2018)"
Most Recent Value,"(Most Recent Value)","Belarus","BLR","-0.1922756(2018)","-0.3010303(2018)","0.3535319(2018)","-0.6600578(2018)","-0.8329659(2018)","-1.350769(2018)"
Most Recent Value,"(Most Recent Value)","Belgium","BEL","1.510279(2018)","1.171748(2018)","0.412356(2018)","1.233861(2018)","1.3679(2018)","1.397253(2018)"
Most Recent Value,"(Most Recent Value)","Belize","BLZ","-0.138192(2018)","-0.5938884(2018)","0.0156727(2018)","-0.6593263(2018)","-0.823954(2018)","0.4507534(2018)"
Most Recent Value,"(Most Recent Value)","Benin","BEN","-0.3833744(2018)","-0.5659866(2018)","-0.132421(2018)","-0.3391147(2018)","-0.6751704(2018)","0.2674125(2018)"
Most Recent Value,"(Most Recent Value)","Bermuda","BMU","1.238614(2018)","1.387551(2018)","1.162025(2018)","0.8194681(2018)","0.8764146(2018)","1.004767(2013)"
Most Recent Value,"(Most Recent Value)","Bhutan","BTN","1.646514(2018)","0.3588973(2018)","1.104605(2018)","-0.3346259(2018)","0.5520926(2018)","0.0605407(2018)"
Most Recent Value,"(Most Recent Value)","Bolivia","BOL","-0.62591(2018)","-0.3220994(2018)","-0.2428411(2018)","-0.8945125(2018)","-1.14962(2018)","-0.0425873(2018)"
Most Recent Value,"(Most Recent Value)","Bosnia and Herzegovina","BIH","-0.5718023(2018)","-0.6185398(2018)","-0.3923242(2018)","-0.2064383(2018)","-0.2332111(2018)","-0.2435907(2018)"
Most Recent Value,"(Most Recent Value)","Botswana","BWA","0.7505108(2018)","0.3334411(2018)","0.9791562(2018)","0.454911(2018)","0.4664786(2018)","0.4747402(2018)"
Most Recent Value,"(Most Recent Value)","Brazil","BRA","-0.4196956(2018)","-0.4474374(2018)","-0.3570176(2018)","-0.3132748(2018)","-0.2776436(2018)","0.3885686(2018)"
Most Recent Value,"(Most Recent Value)","Brunei Darussalam","BRN","0.7953077(2018)","1.252714(2018)","1.201149(2018)","0.685179(2018)","0.6292501(2018)","-0.8432592(2018)"
Most Recent Value,"(Most Recent Value)","Bulgaria","BGR","-0.1515335(2018)","0.2718757(2018)","0.4196386(2018)","0.5765803(2018)","-0.029567(2018)","0.3233821(2018)"
Most Recent Value,"(Most Recent Value)","Burkina Faso","BFA","-0.112395(2018)","-0.5783429(2018)","-1.040907(2018)","-0.3863249(2018)","-0.4455683(2018)","-0.0432251(2018)"
Most Recent Value,"(Most Recent Value)","Burundi","BDI","-1.450633(2018)","-1.419982(2018)","-1.597951(2018)","-0.982583(2018)","-1.496611(2018)","-1.651565(2018)"
Most Recent Value,"(Most Recent Value)","Cabo Verde","CPV","0.7682196(2018)","0.3192393(2018)","0.7472337(2018)","-0.2411533(2018)","0.4454568(2018)","0.9977438(2018)"
Most Recent Value,"(Most Recent Value)","Cambodia","KHM","-1.325572(2018)","-0.568605(2018)","0.108229(2018)","-0.5049168(2018)","-1.114671(2018)","-1.221331(2018)"
Most Recent Value,"(Most Recent Value)","Cameroon","CMR","-1.149748(2018)","-0.7996525(2018)","-1.37598(2018)","-0.7993764(2018)","-1.079662(2018)","-1.104003(2018)"
Most Recent Value,"(Most Recent Value)","Canada","CAN","1.873514(2018)","1.716108(2018)","0.9911886(2018)","1.665293(2018)","1.770795(2018)","1.520857(2018)"
Most Recent Value,"(Most Recent Value)","Cayman Islands","CYM","0.4963436(2018)","1.204366(2018)","1.149285(2018)","0.9785166(2018)","0.7744462(2018)","0.4919728(2018)"
Most Recent Value,"(Most Recent Value)","Central African Republic","CAF","-1.233395(2018)","-1.720417(2018)","-2.281261(2018)","-1.367495(2018)","-1.687692(2018)","-1.188597(2018)"
Most Recent Value,"(Most Recent Value)","Chad","TCD","-1.410393(2018)","-1.528847(2018)","-1.478995(2018)","-1.112313(2018)","-1.305276(2018)","-1.45447(2018)"
Most Recent Value,"(Most Recent Value)","Chile","CHL","1.012118(2018)","1.084034(2018)","0.4252459(2018)","1.343512(2018)","1.115472(2018)","1.054925(2018)"
Most Recent Value,"(Most Recent Value)","China","CHN","-0.2712442(2018)","0.4771284(2018)","-0.2610621(2018)","-0.1350215(2018)","-0.2015748(2018)","-1.449377(2018)"
Most Recent Value,"(Most Recent Value)","Colombia","COL","-0.3014929(2018)","-0.0852262(2018)","-0.8133885(2018)","0.3277881(2018)","-0.4078089(2018)","0.1913842(2018)"
Most Recent Value,"(Most Recent Value)","Comoros","COM","-0.8164125(2018)","-1.639134(2018)","-0.2032647(2018)","-1.117265(2018)","-1.081078(2018)","-0.4373426(2018)"
Most Recent Value,"(Most Recent Value)","Congo, Dem. Rep.","COD","-1.503398(2018)","-1.554787(2018)","-2.116205(2018)","-1.474037(2018)","-1.784221(2018)","-1.512408(2018)"
Most Recent Value,"(Most Recent Value)","Congo, Rep.","COG","-1.358807(2018)","-1.217236(2018)","-0.4428181(2018)","-1.362082(2018)","-1.101223(2018)","-1.181061(2018)"
Most Recent Value,"(Most Recent Value)","Cook Islands","COK","-0.2186731(2013)","-0.9940472(2013)","1.322361(2010)","-1.159103(2013)","-0.9324356(2013)","-0.4640228(2013)"
Most Recent Value,"(Most Recent Value)","Costa Rica","CRI","0.5517608(2018)","0.3781868(2018)","0.4864345(2018)","0.479403(2018)","0.4787028(2018)","1.144658(2018)"
Most Recent Value,"(Most Recent Value)","Cote d'Ivoire","CIV","-0.4990963(2018)","-0.5705186(2018)","-0.9311823(2018)","-0.1907277(2018)","-0.5795925(2018)","-0.2161922(2018)"
Most Recent Value,"(Most Recent Value)","Croatia","HRV","0.1316391(2018)","0.4569183(2018)","0.7688776(2018)","0.4473468(2018)","0.324786(2018)","0.5019643(2018)"
Most Recent Value,"(Most Recent Value)","Cuba","CUB","0.1654153(2018)","-0.2448378(2018)","0.6523342(2018)","-1.455965(2018)","-0.4443496(2018)","-1.444819(2018)"
Most Recent Value,"(Most Recent Value)","Cyprus","CYP","0.6399662(2018)","0.9209022(2018)","0.543319(2018)","1.017323(2018)","0.7534632(2018)","1.038081(2018)"
Most Recent Value,"(Most Recent Value)","Czech Republic","CZE","0.5037321(2018)","0.9222081(2018)","1.040143(2018)","1.261501(2018)","1.04966(2018)","0.930312(2018)"
Most Recent Value,"(Most Recent Value)","Denmark","DNK","2.147795(2018)","1.871631(2018)","0.9590668(2018)","1.67705(2018)","1.833378(2018)","1.611797(2018)"
Most Recent Value,"(Most Recent Value)","Djibouti","DJI","-0.7168093(2018)","-0.8990966(2018)","-0.1341229(2018)","-0.7057354(2018)","-0.9226128(2018)","-1.352054(2018)"
Most Recent Value,"(Most Recent Value)","Dominica","DMA","0.5457337(2018)","-0.2895034(2018)","1.107935(2018)","0.0820731(2018)","0.6176011(2018)","0.8105155(2018)"
Most Recent Value,"(Most Recent Value)","Dominican Republic","DOM","-0.74949(2018)","-0.4002573(2018)","0.0347933(2018)","-0.0771244(2018)","-0.3962312(2018)","0.1374327(2018)"
Most Recent Value,"(Most Recent Value)","Ecuador","ECU","-0.5617972(2018)","-0.2613976(2018)","-0.0747498(2018)","-0.8901963(2018)","-0.6301615(2018)","0.0264112(2018)"
Most Recent Value,"(Most Recent Value)","Egypt, Arab Rep.","EGY","-0.5869341(2018)","-0.5848041(2018)","-1.164931(2018)","-0.8670051(2018)","-0.412311(2018)","-1.284183(2018)"
Most Recent Value,"(Most Recent Value)","El Salvador","SLV","-0.5911077(2018)","-0.4471425(2018)","-0.3348508(2018)","-0.0387822(2018)","-0.8247701(2018)","0.0418064(2018)"
Most Recent Value,"(Most Recent Value)","Equatorial Guinea","GNQ","-1.559684(2018)","-1.29438(2018)","-0.0511222(2018)","-1.557606(2018)","-1.41511(2018)","-1.864524(2018)"
Most Recent Value,"(Most Recent Value)","Eritrea","ERI","-1.316023(2018)","-1.727732(2018)","-0.6051562(2018)","-2.231222(2018)","-1.58643(2018)","-2.176343(2018)"
Most Recent Value,"(Most Recent Value)","Estonia","EST","1.506318(2018)","1.191938(2018)","0.5999668(2018)","1.562708(2018)","1.240627(2018)","1.21297(2018)"
Most Recent Value,"(Most Recent Value)","Eswatini","SWZ","-0.2178724(2018)","-0.6599468(2018)","-0.3086324(2018)","-0.6039193(2018)","-0.2485004(2018)","-1.33905(2018)"
Most Recent Value,"(Most Recent Value)","Ethiopia","ETH","-0.4861672(2018)","-0.6074697(2018)","-1.343246(2018)","-0.9736451(2018)","-0.4282891(2018)","-1.15887(2018)"
Most Recent Value,"(Most Recent Value)","Fiji","FJI","0.3809974(2018)","0.2595362(2018)","0.7425547(2018)","-0.2195376(2018)","-0.1286585(2018)","0.2166662(2018)"
Most Recent Value,"(Most Recent Value)","Finland","FIN","2.21243(2018)","1.984208(2018)","0.9249202(2018)","1.786545(2018)","2.046279(2018)","1.612387(2018)"
Most Recent Value,"(Most Recent Value)","France","FRA","1.316893(2018)","1.480526(2018)","0.1091348(2018)","1.173062(2018)","1.440087(2018)","1.179415(2018)"
Most Recent Value,"(Most Recent Value)","French Guiana","GUF","0.9525164(2018)","1.397863(2018)","0.5304107(2018)","1.304064(2018)","1.210384(2018)","1.305925(2018)"
Most Recent Value,"(Most Recent Value)","Gabon","GAB","-0.8512049(2018)","-0.8122834(2018)","-0.2475997(2018)","-0.8840587(2018)","-0.7061859(2018)","-0.9477494(2018)"
Most Recent Value,"(Most Recent Value)","Gambia, The","GMB","-0.4630391(2018)","-0.6234712(2018)","-0.0295531(2018)","-0.6317748(2018)","-0.4307549(2018)","-0.1971968(2018)"
Most Recent Value,"(Most Recent Value)","Georgia","GEO","0.7079911(2018)","0.6145709(2018)","-0.4264878(2018)","1.122732(2018)","0.3280484(2018)","0.2466903(2018)"
Most Recent Value,"(Most Recent Value)","Germany","DEU","1.946584(2018)","1.619633(2018)","0.6048951(2018)","1.749248(2018)","1.630446(2018)","1.422362(2018)"
Most Recent Value,"(Most Recent Value)","Ghana","GHA","-0.1149039(2018)","-0.2102704(2018)","0.0298971(2018)","-0.0800039(2018)","0.0718521(2018)","0.5787039(2018)"
Most Recent Value,"(Most Recent Value)","Greece","GRC","-0.0660259(2018)","0.3382609(2018)","0.0925857(2018)","0.2950006(2018)","0.1529743(2018)","0.8573366(2018)"
Most Recent Value,"(Most Recent Value)","Greenland","GRL","1.177301(2018)","0.8380827(2018)","1.939219(2018)","1.37654(2018)","1.738418(2018)","1.305925(2018)"
Most Recent Value,"(Most Recent Value)","Grenada","GRD","0.3765373(2018)","-0.2529525(2018)","0.9976301(2018)","-0.2930871(2018)","0.3104176(2018)","0.5344329(2018)"
Most Recent Value,"(Most Recent Value)","Guam","GUM","1.238614(2018)","0.2727026(2018)","0.6334171(2018)","0.082563(2018)","1.363964(2018)","0.7834459(2013)"
Most Recent Value,"(Most Recent Value)","Guatemala","GTM","-0.8228126(2018)","-0.6820061(2018)","-0.541353(2018)","-0.1955709(2018)","-1.050815(2018)","-0.3424338(2018)"
Most Recent Value,"(Most Recent Value)","Guinea","GIN","-1.041717(2018)","-0.9709232(2018)","-0.8766674(2018)","-0.7780002(2018)","-1.211506(2018)","-0.7536743(2018)"
Most Recent Value,"(Most Recent Value)","Guinea-Bissau","GNB","-1.533724(2018)","-1.48785(2018)","-0.6697532(2018)","-1.198666(2018)","-1.234043(2018)","-0.6663399(2018)"
Most Recent Value,"(Most Recent Value)","Guyana","GUY","-0.2266977(2018)","-0.2694839(2018)","-0.1750658(2018)","-0.5320596(2018)","-0.320109(2018)","0.2575835(2018)"
Most Recent Value,"(Most Recent Value)","Haiti","HTI","-1.265189(2018)","-1.909054(2018)","-0.6268144(2018)","-1.224258(2018)","-1.028031(2018)","-0.7454833(2018)"
Most Recent Value,"(Most Recent Value)","Honduras","HND","-0.6164857(2018)","-0.6206585(2018)","-0.550988(2018)","-0.4688137(2018)","-1.023039(2018)","-0.5083182(2018)"
Most Recent Value,"(Most Recent Value)","Hong Kong SAR, China","HKG","1.676441(2018)","1.903607(2018)","0.7943653(2018)","2.206004(2018)","1.771396(2018)","0.468593(2018)"
Most Recent Value,"(Most Recent Value)","Hungary","HUN","0.053347(2018)","0.4873109(2018)","0.7552119(2018)","0.6022686(2018)","0.555392(2018)","0.3183424(2018)"
Most Recent Value,"(Most Recent Value)","Iceland","ISL","1.843649(2018)","1.465655(2018)","1.412426(2018)","1.417764(2018)","1.719734(2018)","1.412682(2018)"
Most Recent Value,"(Most Recent Value)","India","IND","-0.186293(2018)","0.2830485(2018)","-0.9565214(2018)","-0.1836544(2018)","0.0262165(2018)","0.3788327(2018)"
Most Recent Value,"(Most Recent Value)","Indonesia","IDN","-0.2515447(2018)","0.1798754(2018)","-0.5334369(2018)","-0.0712725(2018)","-0.3149146(2018)","0.1797367(2018)"
Most Recent Value,"(Most Recent Value)","Iran, Islamic Rep.","IRN","-0.9588165(2018)","-0.4302173(2018)","-1.306763(2018)","-1.296409(2018)","-0.6936132(2018)","-1.317932(2018)"
Most Recent Value,"(Most Recent Value)","Iraq","IRQ","-1.399408(2018)","-1.320548(2018)","-2.55586(2018)","-1.218958(2018)","-1.759291(2018)","-0.987156(2018)"
Most Recent Value,"(Most Recent Value)","Ireland","IRL","1.547376(2018)","1.420338(2018)","1.030591(2018)","1.595356(2018)","1.464224(2018)","1.31875(2018)"
Most Recent Value,"(Most Recent Value)","Israel","ISR","0.7865694(2018)","1.208207(2018)","-0.9324778(2018)","1.247308(2018)","0.9939096(2018)","0.6511905(2018)"
Most Recent Value,"(Most Recent Value)","Italy","ITA","0.2356188(2018)","0.4138835(2018)","0.3111933(2018)","0.6714953(2018)","0.2467615(2018)","1.045518(2018)"
Most Recent Value,"(Most Recent Value)","Jamaica","JAM","-0.1643905(2018)","0.4967112(2018)","0.4869154(2018)","0.2784449(2018)","-0.2359448(2018)","0.6169987(2018)"
Most Recent Value,"(Most Recent Value)","Japan","JPN","1.424772(2018)","1.675817(2018)","1.059693(2018)","1.329213(2018)","1.534107(2018)","1.022638(2018)"
Most Recent Value,"(Most Recent Value)","Jersey, Channel Islands","JEY","1.102388(2018)","1.259951(2018)","1.273265(2018)","0.7180641(2018)","1.738418(2018)","1.305925(2018)"
Most Recent Value,"(Most Recent Value)","Jordan","JOR","0.1495421(2018)","0.112718(2018)","-0.3794051(2018)","0.0834205(2018)","0.2337911(2018)","-0.7017328(2018)"
Most Recent Value,"(Most Recent Value)","Kazakhstan","KAZ","-0.5017262(2018)","0.0217204(2018)","0.0004052(2018)","0.1406443(2018)","-0.4316052(2018)","-1.171871(2018)"
Most Recent Value,"(Most Recent Value)","Kenya","KEN","-0.8520129(2018)","-0.4108523(2018)","-1.164113(2018)","-0.2266058(2018)","-0.4110505(2018)","-0.3606543(2018)"
Most Recent Value,"(Most Recent Value)","Kiribati","KIR","0.3364136(2018)","-0.2764392(2018)","1.033781(2018)","-0.7703612(2018)","0.4933382(2018)","1.146016(2018)"
Most Recent Value,"(Most Recent Value)","Korea, Dem. People’s Rep.","PRK","-1.566256(2018)","-1.57276(2018)","-0.3516326(2018)","-2.344563(2018)","-1.634559(2018)","-2.202045(2018)"
Most Recent Value,"(Most Recent Value)","Korea, Rep.","KOR","0.6041095(2018)","1.182665(2018)","0.5449707(2018)","1.094949(2018)","1.23655(2018)","0.7960598(2018)"
Most Recent Value,"(Most Recent Value)","Kosovo","XKX","-0.5190393(2018)","-0.4283053(2018)","-0.6054888(2018)","-0.2767387(2018)","-0.3709781(2018)","-0.1200815(2018)"
Most Recent Value,"(Most Recent Value)","Kuwait","KWT","-0.2894283(2018)","-0.0878059(2018)","0.1102895(2018)","-0.0356316(2018)","0.2107496(2018)","-0.5891867(2018)"
Most Recent Value,"(Most Recent Value)","Kyrgyz Republic","KGZ","-0.9542972(2018)","-0.6115379(2018)","-0.5820286(2018)","-0.3499378(2018)","-0.9076821(2018)","-0.3742365(2018)"
Most Recent Value,"(Most Recent Value)","Lao PDR","LAO","-0.9826739(2018)","-0.672724(2018)","0.415007(2018)","-0.7918289(2018)","-0.8425543(2018)","-1.739436(2018)"
Most Recent Value,"(Most Recent Value)","Latvia","LVA","0.3285871(2018)","1.043452(2018)","0.4215345(2018)","1.189894(2018)","0.9569856(2018)","0.8133246(2018)"
Most Recent Value,"(Most Recent Value)","Lebanon","LBN","-1.108917(2018)","-0.6402023(2018)","-1.644891(2018)","-0.3416829(2018)","-0.7644128(2018)","-0.4990998(2018)"
Most Recent Value,"(Most Recent Value)","Lesotho","LSO","-0.1033081(2018)","-0.8609057(2018)","-0.2183286(2018)","-0.4965023(2018)","-0.3366604(2018)","0.0843929(2018)"
Most Recent Value,"(Most Recent Value)","Liberia","LBR","-0.8509958(2018)","-1.340831(2018)","-0.1924032(2018)","-0.9712892(2018)","-0.9890524(2018)","-0.0432927(2018)"
Most Recent Value,"(Most Recent Value)","Libya","LBY","-1.552711(2018)","-1.847037(2018)","-2.441388(2018)","-2.278996(2018)","-1.78583(2018)","-1.520825(2018)"
Most Recent Value,"(Most Recent Value)","Liechtenstein","LIE","2.00771(2018)","1.739037(2018)","1.484191(2018)","1.532828(2018)","1.678037(2018)","1.319968(2018)"
Most Recent Value,"(Most Recent Value)","Lithuania","LTU","0.4978957(2018)","1.072398(2018)","0.752799(2018)","1.113281(2018)","0.9573604(2018)","0.9233596(2018)"
Most Recent Value,"(Most Recent Value)","Luxembourg","LUX","2.087755(2018)","1.778221(2018)","1.373404(2018)","1.757206(2018)","1.810886(2018)","1.566906(2018)"
Most Recent Value,"(Most Recent Value)","Macao SAR, China","MAC","0.7156818(2018)","1.204366(2018)","1.262964(2018)","1.609498(2018)","1.009767(2018)","-0.0506621(2018)"
Most Recent Value,"(Most Recent Value)","Madagascar","MDG","-1.000727(2018)","-1.153121(2018)","-0.5190363(2018)","-0.7334517(2018)","-0.8139714(2018)","-0.3094514(2018)"
Most Recent Value,"(Most Recent Value)","Malawi","MWI","-0.7433892(2018)","-0.7286705(2018)","-0.3250225(2018)","-0.6708331(2018)","-0.3802995(2018)","-0.058092(2018)"
Most Recent Value,"(Most Recent Value)","Malaysia","MYS","0.3139765(2018)","1.075348(2018)","0.2373901(2018)","0.682474(2018)","0.6233374(2018)","-0.083688(2018)"
Most Recent Value,"(Most Recent Value)","Maldives","MDV","-0.8930011(2018)","-0.4884941(2018)","0.0950901(2018)","-0.4830082(2018)","-0.5495973(2018)","-0.6604531(2018)"
Most Recent Value,"(Most Recent Value)","Mali","MLI","-0.695331(2018)","-1.004638(2018)","-2.05126(2018)","-0.5496903(2018)","-0.7977482(2018)","-0.3091827(2018)"
Most Recent Value,"(Most Recent Value)","Malta","MLT","0.5799018(2018)","0.968796(2018)","1.294193(2018)","1.336778(2018)","1.053974(2018)","1.123317(2018)"
Most Recent Value,"(Most Recent Value)","Marshall Islands","MHL","-0.0740994(2018)","-1.554391(2018)","0.8627383(2018)","-1.138546(2018)","-0.0471537(2018)","1.146016(2018)"
Most Recent Value,"(Most Recent Value)","Martinique","MTQ","1.238614(2018)","1.108839(2018)","0.9858225(2018)","1.187921(2018)","0.8764146(2018)","0.5621245(2013)"
Most Recent Value,"(Most Recent Value)","Mauritania","MRT","-0.8072538(2018)","-0.7266325(2018)","-0.6677783(2018)","-0.8108506(2018)","-0.6859449(2018)","-0.8540774(2018)"
Most Recent Value,"(Most Recent Value)","Mauritius","MUS","0.2696345(2018)","0.8760849(2018)","0.872838(2018)","1.027193(2018)","0.7796614(2018)","0.7605995(2018)"
Most Recent Value,"(Most Recent Value)","Mexico","MEX","-0.8628517(2018)","-0.153388(2018)","-0.572437(2018)","0.1509804(2018)","-0.6737109(2018)","-0.0059178(2018)"
Most Recent Value,"(Most Recent Value)","Micronesia, Fed. Sts.","FSM","0.6930298(2018)","-0.1488629(2018)","1.340414(2018)","-0.9598854(2018)","-0.0186115(2018)","1.146016(2018)"
Most Recent Value,"(Most Recent Value)","Moldova","MDA","-0.7267502(2018)","-0.4665205(2018)","-0.3490165(2018)","-0.0490203(2018)","-0.413572(2018)","-0.1066419(2018)"
Most Recent Value,"(Most Recent Value)","Monaco","MCO","","","1.612102(2018)","","0.9354892(2013)","0.660958(2018)"
Most Recent Value,"(Most Recent Value)","Mongolia","MNG","-0.4277897(2018)","-0.2333477(2018)","0.7887995(2018)","-0.0298508(2018)","-0.2664937(2018)","0.2625469(2018)"
Most Recent Value,"(Most Recent Value)","Montenegro","MNE","0.0227987(2018)","0.1311615(2018)","0.1080209(2018)","0.3625335(2018)","0.0987423(2018)","0.0801339(2018)"
Most Recent Value,"(Most Recent Value)","Morocco","MAR","-0.2164034(2018)","-0.2092959(2018)","-0.3318862(2018)","-0.2429393(2018)","-0.1384849(2018)","-0.6630427(2018)"
Most Recent Value,"(Most Recent Value)","Mozambique","MOZ","-0.7813797(2018)","-0.8742813(2018)","-0.7836707(2018)","-0.7263409(2018)","-1.043689(2018)","-0.4674458(2018)"
Most Recent Value,"(Most Recent Value)","Myanmar","MMR","-0.588294(2018)","-1.068652(2018)","-1.309011(2018)","-0.7531742(2018)","-1.032579(2018)","-0.8873216(2018)"
Most Recent Value,"(Most Recent Value)","Namibia","NAM","0.3399599(2018)","0.106442(2018)","0.6537775(2018)","-0.052499(2018)","0.2449811(2018)","0.4862734(2018)"
Most Recent Value,"(Most Recent Value)","Nauru","NRU","-0.5539093(2018)","-0.076744(2018)","0.5126343(2018)","-0.0467818(2018)","-0.6908471(2018)","0.660958(2018)"
Most Recent Value,"(Most Recent Value)","Nepal","NPL","-0.6736505(2018)","-0.9023383(2018)","-0.6251459(2018)","-0.7456533(2018)","-0.4780528(2018)","-0.1319581(2018)"
Most Recent Value,"(Most Recent Value)","Netherlands","NLD","2.009026(2018)","1.850466(2018)","0.8682934(2018)","2.01824(2018)","1.816361(2018)","1.596444(2018)"
Most Recent Value,"(Most Recent Value)","Netherlands Antilles","ANT","0.7853686(2013)","0.7527696(2013)","0.6764035(2013)","0.8467881(2013)","0.848269(2013)","0.3408031(2013)"
Most Recent Value,"(Most Recent Value)","New Zealand","NZL","2.174696(2018)","1.670251(2018)","1.541482(2018)","1.978822(2018)","1.876294(2018)","1.623501(2018)"
Most Recent Value,"(Most Recent Value)","Nicaragua","NIC","-1.06336(2018)","-0.8024699(2018)","-0.8013505(2018)","-0.6863752(2018)","-1.039721(2018)","-1.083065(2018)"
Most Recent Value,"(Most Recent Value)","Niger","NER","-0.5798146(2018)","-0.7660425(2018)","-1.260566(2018)","-0.6404533(2018)","-0.5802284(2018)","-0.5845156(2018)"
Most Recent Value,"(Most Recent Value)","Nigeria","NGA","-1.04489(2018)","-1.022591(2018)","-2.1927(2018)","-0.8825297(2018)","-0.8809231(2018)","-0.4079276(2018)"
Most Recent Value,"(Most Recent Value)","Niue","NIU","-0.4240158(2013)","-0.9940472(2013)","1.322361(2010)","-0.921079(2013)","-0.7874305(2013)","-0.4640228(2013)"
Most Recent Value,"(Most Recent Value)","North Macedonia","MKD","-0.3648161(2018)","0.0902431(2018)","-0.1966761(2018)","0.5249679(2018)","-0.2837728(2018)","-0.0092953(2018)"
Most Recent Value,"(Most Recent Value)","Norway","NOR","2.089907(2018)","1.887119(2018)","1.153804(2018)","1.75844(2018)","1.965631(2018)","1.732547(2018)"
Most Recent Value,"(Most Recent Value)","Oman","OMN","0.2460828(2018)","0.1865782(2018)","0.6545912(2018)","0.3100107(2018)","0.4648626(2018)","-1.026107(2018)"
Most Recent Value,"(Most Recent Value)","Pakistan","PAK","-0.7907338(2018)","-0.6338443(2018)","-2.267435(2018)","-0.6444417(2018)","-0.6730217(2018)","-0.8006933(2018)"
Most Recent Value,"(Most Recent Value)","Palau","PLW","-0.5539093(2018)","-0.0121242(2018)","0.8627383(2018)","-0.0116495(2018)","0.3065613(2018)","1.146016(2018)"
Most Recent Value,"(Most Recent Value)","Panama","PAN","-0.567027(2018)","-0.019452(2018)","0.2771547(2018)","0.4016129(2018)","-0.0592212(2018)","0.5805006(2018)"
Most Recent Value,"(Most Recent Value)","Papua New Guinea","PNG","-0.8760095(2018)","-0.6773402(2018)","-0.6669981(2018)","-0.5433646(2018)","-0.7658504(2018)","0.043219(2018)"
Most Recent Value,"(Most Recent Value)","Paraguay","PRY","-0.8474646(2018)","-0.5172144(2018)","-0.1192975(2018)","-0.1242119(2018)","-0.5411182(2018)","0.0537697(2018)"
Most Recent Value,"(Most Recent Value)","Peru","PER","-0.5401052(2018)","-0.2454309(2018)","-0.2593005(2018)","0.5182164(2018)","-0.5170875(2018)","0.2345341(2018)"
Most Recent Value,"(Most Recent Value)","Philippines","PHL","-0.5448154(2018)","0.0495094(2018)","-1.121844(2018)","0.0459113(2018)","-0.4776694(2018)","0.0379877(2018)"
Most Recent Value,"(Most Recent Value)","Poland","POL","0.6414219(2018)","0.6626508(2018)","0.5450124(2018)","0.8819272(2018)","0.4278919(2018)","0.7238377(2018)"
Most Recent Value,"(Most Recent Value)","Portugal","PRT","0.8498304(2018)","1.208909(2018)","1.140031(2018)","0.8900307(2018)","1.140912(2018)","1.204607(2018)"
Most Recent Value,"(Most Recent Value)","Puerto Rico","PRI","0.0401706(2018)","-0.156924(2018)","0.4000113(2018)","0.9279462(2018)","0.5868457(2018)","0.4919728(2018)"
Most Recent Value,"(Most Recent Value)","Qatar","QAT","0.7248945(2018)","0.6312364(2018)","0.6783724(2018)","0.5151712(2018)","0.7346737(2018)","-1.195095(2018)"
Most Recent Value,"(Most Recent Value)","Reunion","REU","0.6316952(2018)","1.108839(2018)","0.2692141(2018)","1.187921(2018)","1.120189(2018)","1.226089(2013)"
Most Recent Value,"(Most Recent Value)","Romania","ROU","-0.1216504(2018)","-0.2534418(2018)","0.0593082(2018)","0.4453986(2018)","0.3254628(2018)","0.4577805(2018)"
Most Recent Value,"(Most Recent Value)","Russian Federation","RUS","-0.8451133(2018)","-0.0608858(2018)","-0.5037209(2018)","-0.5404854(2018)","-0.8153201(2018)","-1.058007(2018)"
Most Recent Value,"(Most Recent Value)","Rwanda","RWA","0.5782577(2018)","0.2068089(2018)","0.1159507(2018)","0.0841578(2018)","0.1181115(2018)","-1.129916(2018)"
Most Recent Value,"(Most Recent Value)","Samoa","WSM","0.6423859(2018)","0.5907587(2018)","1.186755(2018)","-0.1145988(2018)","0.8239359(2018)","0.7639147(2018)"
Most Recent Value,"(Most Recent Value)","San Marino","SMR","","","0.8627383(2018)","","0.9354892(2013)","1.146016(2018)"
Most Recent Value,"(Most Recent Value)","Sao Tome and Principe","STP","0.1838712(2018)","-0.6393903(2018)","0.5335671(2018)","-0.8459124(2018)","-0.6863676(2018)","0.1583277(2018)"
Most Recent Value,"(Most Recent Value)","Saudi Arabia","SAU","0.3596962(2018)","0.3234982(2018)","-0.5181113(2018)","-0.0458949(2018)","0.1417293(2018)","-1.644232(2018)"
Most Recent Value,"(Most Recent Value)","Senegal","SEN","-0.0247014(2018)","-0.2678156(2018)","-0.0886327(2018)","-0.1076691(2018)","-0.2080795(2018)","0.2396943(2018)"
Most Recent Value,"(Most Recent Value)","Serbia","SRB","-0.3702148(2018)","0.1116198(2018)","0.0824774(2018)","0.0074444(2018)","-0.1464036(2018)","0.0018319(2018)"
Most Recent Value,"(Most Recent Value)","Seychelles","SYC","0.7026863(2018)","0.502284(2018)","0.6970197(2018)","-0.1489415(2018)","0.2000629(2018)","0.2116492(2018)"
Most Recent Value,"(Most Recent Value)","Sierra Leone","SLE","-0.4921698(2018)","-1.142948(2018)","-0.0298916(2018)","-0.9059859(2018)","-0.7695495(2018)","-0.1791686(2018)"
Most Recent Value,"(Most Recent Value)","Singapore","SGP","2.174524(2018)","2.231474(2018)","1.510339(2018)","2.131565(2018)","1.844891(2018)","-0.0591089(2018)"
Most Recent Value,"(Most Recent Value)","Slovak Republic","SVK","0.3629198(2018)","0.7074615(2018)","0.7504383(2018)","0.8107936(2018)","0.5290585(2018)","0.878241(2018)"
Most Recent Value,"(Most Recent Value)","Slovenia","SVN","0.8702175(2018)","1.125806(2018)","0.9109183(2018)","0.6948206(2018)","1.058505(2018)","0.9910611(2018)"
Most Recent Value,"(Most Recent Value)","Solomon Islands","SLB","-0.0049462(2018)","-1.054241(2018)","0.3004147(2018)","-0.8411345(2018)","-0.2278951(2018)","0.5343427(2018)"
Most Recent Value,"(Most Recent Value)","Somalia","SOM","-1.800085(2018)","-2.19103(2018)","-2.219771(2018)","-2.314809(2018)","-2.332786(2018)","-1.833135(2018)"
Most Recent Value,"(Most Recent Value)","South Africa","ZAF","-0.021569(2018)","0.3403786(2018)","-0.2766732(2018)","0.171912(2018)","-0.1024957(2018)","0.6573899(2018)"
Most Recent Value,"(Most Recent Value)","South Sudan","SSD","-1.727954(2018)","-2.449409(2018)","-2.439316(2018)","-2.064091(2018)","-1.958408(2018)","-1.977599(2018)"
Most Recent Value,"(Most Recent Value)","Spain","ESP","0.613507(2018)","1.002136(2018)","0.2548025(2018)","0.9452896(2018)","0.9689376(2018)","1.064253(2018)"
Most Recent Value,"(Most Recent Value)","Sri Lanka","LKA","-0.3355435(2018)","-0.2353793(2018)","-0.1831642(2018)","-0.1522742(2018)","0.0263234(2018)","0.0087836(2018)"
Most Recent Value,"(Most Recent Value)","St. Kitts and Nevis","KNA","0.4525903(2018)","0.5514148(2018)","0.7104676(2018)","0.5108522(2018)","0.5333768(2018)","0.8967314(2018)"
Most Recent Value,"(Most Recent Value)","St. Lucia","LCA","0.5362028(2018)","0.1956703(2018)","1.013306(2018)","0.2870998(2018)","0.5592496(2018)","0.8583953(2018)"
Most Recent Value,"(Most Recent Value)","St. Vincent and the Grenadines","VCT","0.7688255(2018)","0.1956703(2018)","0.8540489(2018)","0.2558284(2018)","0.4326417(2018)","0.8780061(2018)"
Most Recent Value,"(Most Recent Value)","Sudan","SDN","-1.426933(2018)","-1.619857(2018)","-1.835869(2018)","-1.630347(2018)","-1.119796(2018)","-1.841044(2018)"
Most Recent Value,"(Most Recent Value)","Suriname","SUR","-0.2114844(2018)","-0.6553037(2018)","0.0773252(2018)","-0.6315839(2018)","-0.0639684(2018)","0.3158507(2018)"
Most Recent Value,"(Most Recent Value)","Sweden","SWE","2.139578(2018)","1.830975(2018)","0.9136876(2018)","1.800021(2018)","1.895983(2018)","1.611055(2018)"
Most Recent Value,"(Most Recent Value)","Switzerland","CHE","2.00971(2018)","2.039621(2018)","1.344863(2018)","1.780406(2018)","1.931222(2018)","1.616422(2018)"
Most Recent Value,"(Most Recent Value)","Syrian Arab Republic","SYR","-1.626812(2018)","-1.671169(2018)","-2.739623(2018)","-1.795827(2018)","-2.047868(2018)","-1.958449(2018)"
Most Recent Value,"(Most Recent Value)","Taiwan, China","TWN","1.027658(2018)","1.362331(2018)","0.8534058(2018)","1.355507(2018)","1.112281(2018)","0.977472(2018)"
Most Recent Value,"(Most Recent Value)","Tajikistan","TJK","-1.415102(2018)","-1.097704(2018)","-0.7243188(2018)","-1.048576(2018)","-1.282616(2018)","-1.689398(2018)"
Most Recent Value,"(Most Recent Value)","Tanzania","TZA","-0.4479853(2018)","-0.7562658(2018)","-0.5591016(2018)","-0.6128686(2018)","-0.554994(2018)","-0.364481(2018)"
Most Recent Value,"(Most Recent Value)","Thailand","THA","-0.3988041(2018)","0.3499596(2018)","-0.733099(2018)","0.1116317(2018)","0.0232979(2018)","-1.005582(2018)"
Most Recent Value,"(Most Recent Value)","Timor-Leste","TLS","-0.4735851(2018)","-0.9826074(2018)","0.298182(2018)","-0.7858377(2018)","-1.127902(2018)","0.3397629(2018)"
Most Recent Value,"(Most Recent Value)","Togo","TGO","-0.7275374(2018)","-1.057791(2018)","-0.9817027(2018)","-0.6506074(2018)","-0.5908715(2018)","-0.7431359(2018)"
Most Recent Value,"(Most Recent Value)","Tonga","TON","-0.0708953(2018)","0.1393548(2018)","0.8794378(2018)","-0.3512902(2018)","0.3874137(2018)","0.5628479(2018)"
Most Recent Value,"(Most Recent Value)","Trinidad and Tobago","TTO","-0.317267(2018)","0.1902379(2018)","0.2480514(2018)","-0.0206371(2018)","-0.1205074(2018)","0.5656093(2018)"
Most Recent Value,"(Most Recent Value)","Tunisia","TUN","-0.0534863(2018)","-0.1052618(2018)","-0.9018921(2018)","-0.4110191(2018)","0.0393894(2018)","0.210815(2018)"
Most Recent Value,"(Most Recent Value)","Turkey","TUR","-0.3353838(2018)","0.0060968(2018)","-1.328783(2018)","-0.0474772(2018)","-0.3192984(2018)","-0.8329394(2018)"
Most Recent Value,"(Most Recent Value)","Turkmenistan","TKM","-1.357742(2018)","-1.044102(2018)","-0.0068957(2018)","-1.998719(2018)","-1.452363(2018)","-2.143717(2018)"
Most Recent Value,"(Most Recent Value)","Tuvalu","TUV","0.0285799(2018)","-0.6936518(2018)","1.425432(2018)","-0.5692701(2018)","0.5298821(2018)","1.146016(2018)"
Most Recent Value,"(Most Recent Value)","Uganda","UGA","-1.037357(2018)","-0.6060399(2018)","-0.6914156(2018)","-0.25123(2018)","-0.294705(2018)","-0.6666496(2018)"
Most Recent Value,"(Most Recent Value)","Ukraine","UKR","-0.8736908(2018)","-0.4152199(2018)","-1.826185(2018)","-0.2200751(2018)","-0.7177935(2018)","-0.0137297(2018)"
Most Recent Value,"(Most Recent Value)","United Arab Emirates","ARE","1.151608(2018)","1.431291(2018)","0.7432382(2018)","0.9316171(2018)","0.8064476(2018)","-1.109334(2018)"
Most Recent Value,"(Most Recent Value)","United Kingdom","GBR","1.826577(2018)","1.341884(2018)","0.0487175(2018)","1.761863(2018)","1.638637(2018)","1.383976(2018)"
Most Recent Value,"(Most Recent Value)","United States","USA","1.323218(2018)","1.576998(2018)","0.4774609(2018)","1.577987(2018)","1.453255(2018)","1.039329(2018)"
Most Recent Value,"(Most Recent Value)","Uruguay","URY","1.265534(2018)","0.5582148(2018)","1.046509(2018)","0.4992745(2018)","0.5991074(2018)","1.21235(2018)"
Most Recent Value,"(Most Recent Value)","Uzbekistan","UZB","-1.068714(2018)","-0.5470828(2018)","-0.283422(2018)","-1.102867(2018)","-1.073632(2018)","-1.615988(2018)"
Most Recent Value,"(Most Recent Value)","Vanuatu","VUT","-0.1629424(2018)","-0.4917117(2018)","0.8379562(2018)","-0.4740178(2018)","0.3358953(2018)","0.5367252(2018)"
Most Recent Value,"(Most Recent Value)","Venezuela, RB","VEN","-1.467512(2018)","-1.581517(2018)","-1.343512(2018)","-2.33437(2018)","-2.338622(2018)","-1.414395(2018)"
Most Recent Value,"(Most Recent Value)","Vietnam","VNM","-0.4853567(2018)","-0.0034448(2018)","0.2032657(2018)","-0.3858519(2018)","-0.0032823(2018)","-1.445501(2018)"
Most Recent Value,"(Most Recent Value)","Virgin Islands (U.S.)","VIR","0.6316952(2018)","0.8301269(2018)","0.9858225(2018)","0.8194681(2018)","1.120189(2018)","0.7834459(2013)"
Most Recent Value,"(Most Recent Value)","West Bank and Gaza","PSE","-0.1954203(2018)","-0.7608902(2018)","-1.735649(2018)","0.0524449(2018)","-0.4837196(2018)","-0.9017643(2018)"
Most Recent Value,"(Most Recent Value)","Yemen, Rep.","YEM","-1.637971(2018)","-2.244354(2018)","-3.002496(2018)","-1.536205(2018)","-1.790394(2018)","-1.750749(2018)"
Most Recent Value,"(Most Recent Value)","Zambia","ZMB","-0.6561365(2018)","-0.5592093(2018)","0.1419944(2018)","-0.4426115(2018)","-0.3449385(2018)","-0.3204631(2018)"
Most Recent Value,"(Most Recent Value)","Zimbabwe","ZWE","-1.235616(2018)","-1.19886(2018)","-0.7070538(2018)","-1.583895(2018)","-1.27363(2018)","-1.134756(2018)"
,"","","","","","","","",""
,"","","","","","","","",""
,"","","","","","","","",""
Data from database: Worldwide Governance Indicators,"","","","","","","","",""
Last Updated: 11/07/2019,"","","","","","","","",""
